<?xml version="1.0"?>
<doc>
    <assembly>
        <name>Serilog.Sinks.MSSqlServer</name>
    </assembly>
    <members>
        <member name="T:Serilog.Configuration.ColumnCollection">
            <summary>
            Collection of configuration items for use in generating DataColumn[]
            </summary>
        </member>
        <member name="M:Serilog.Configuration.ColumnCollection.CreateNewElement">
            <summary>
            Create new element
            </summary>
            <returns>new ColumnConfig instance</returns>
        </member>
        <member name="M:Serilog.Configuration.ColumnCollection.GetElementKey(System.Configuration.ConfigurationElement)">
            <summary>
            Fetch Key for the Element
            </summary>
            <param name="element"></param>
            <returns>ColumnName</returns>
        </member>
        <member name="T:Serilog.Configuration.ColumnConfig">
            <summary>
            
            </summary>
        </member>
        <member name="M:Serilog.Configuration.ColumnConfig.#ctor">
            <summary>
            Constructor
            </summary>
        </member>
        <member name="M:Serilog.Configuration.ColumnConfig.#ctor(System.String,System.String)">
            <summary>
            Create a new instance from key/value pair
            </summary>
            <param name="columnName">Column name in SQL Server</param>
            <param name="dataType">Data type in SQL Server</param>
        </member>
        <member name="P:Serilog.Configuration.ColumnConfig.ColumnName">
            <summary>
            Name of the Column as it exists in SQL Server
            </summary>
        </member>
        <member name="P:Serilog.Configuration.ColumnConfig.DataType">
            <summary>
            Type of column as it exists in SQL Server
            </summary>
        </member>
        <member name="T:Serilog.Configuration.MSSqlServerConfigurationSection">
            <summary>
            Settings configuration for defining DataColumns collection
            </summary>
        </member>
        <member name="P:Serilog.Configuration.MSSqlServerConfigurationSection.Settings">
            <summary>
            Access to the settings stored in the config file
            </summary>
        </member>
        <member name="P:Serilog.Configuration.MSSqlServerConfigurationSection.Columns">
            <summary>
            Columns in the database to write data into
            </summary>
        </member>
        <member name="T:Serilog.LoggerConfigurationMSSqlServerExtensions">
            <summary>
            Adds the WriteTo.MSSqlServer() extension method to <see cref="T:Serilog.LoggerConfiguration"/>.
            </summary>
        </member>
        <member name="M:Serilog.LoggerConfigurationMSSqlServerExtensions.MSSqlServer(Serilog.Configuration.LoggerSinkConfiguration,System.String,System.String,Serilog.Events.LogEventLevel,System.Int32,System.Nullable{System.TimeSpan},System.IFormatProvider,System.Boolean,Serilog.Sinks.MSSqlServer.ColumnOptions,System.String)">
            <summary>
            Adds a sink that writes log events to a table in a MSSqlServer database.
            Create a database and execute the table creation script found here
            https://gist.github.com/mivano/10429656
            or use the autoCreateSqlTable option.
            </summary>
            <param name="loggerConfiguration">The logger configuration.</param>
            <param name="connectionString">The connection string to the database where to store the events.</param>
            <param name="tableName">Name of the table to store the events in.</param>
            <param name="schemaName">Name of the schema for the table to store the data in. The default is 'dbo'.</param>
            <param name="restrictedToMinimumLevel">The minimum log event level required in order to write an event to the sink.</param>
            <param name="batchPostingLimit">The maximum number of events to post in a single batch.</param>
            <param name="period">The time to wait between checking for event batches.</param>
            <param name="formatProvider">Supplies culture-specific formatting information, or null.</param>
            <param name="autoCreateSqlTable">Create log table with the provided name on destination sql server.</param>
            <param name="columnOptions"></param>
            <returns>Logger configuration, allowing configuration to continue.</returns>
            <exception cref="T:System.ArgumentNullException">A required parameter is null.</exception>
        </member>
        <member name="M:Serilog.LoggerConfigurationMSSqlServerExtensions.MSSqlServer(Serilog.Configuration.LoggerAuditSinkConfiguration,System.String,System.String,Serilog.Events.LogEventLevel,System.IFormatProvider,System.Boolean,Serilog.Sinks.MSSqlServer.ColumnOptions,System.String)">
            <summary>
            Adds a sink that writes log events to a table in a MSSqlServer database.
            Create a database and execute the table creation script found here
            https://gist.github.com/mivano/10429656
            or use the autoCreateSqlTable option.
            </summary>
            <param name="loggerAuditSinkConfiguration">The logger configuration.</param>
            <param name="connectionString">The connection string to the database where to store the events.</param>
            <param name="tableName">Name of the table to store the events in.</param>
            <param name="schemaName">Name of the schema for the table to store the data in. The default is 'dbo'.</param>
            <param name="restrictedToMinimumLevel">The minimum log event level required in order to write an event to the sink.</param>
            <param name="formatProvider">Supplies culture-specific formatting information, or null.</param>
            <param name="autoCreateSqlTable">Create log table with the provided name on destination sql server.</param>
            <param name="columnOptions"></param>
            <returns>Logger configuration, allowing configuration to continue.</returns>
            <exception cref="T:System.ArgumentNullException">A required parameter is null.</exception>
        </member>
        <member name="M:Serilog.LoggerConfigurationMSSqlServerExtensions.GetConnectionString(System.String)">
            <summary>
            Examine if supplied connection string is a reference to an item in the "ConnectionStrings" section of web.config
            If it is, return the ConnectionStrings item, if not, return string as supplied.
            </summary>
            <param name="nameOrConnectionString">The name of the ConnectionStrings key or raw connection string.</param>
            <remarks>Pulled from review of Entity Framework 6 methodology for doing the same</remarks>
        </member>
        <member name="M:Serilog.LoggerConfigurationMSSqlServerExtensions.GenerateDataColumnsFromConfig(Serilog.Configuration.MSSqlServerConfigurationSection,Serilog.Sinks.MSSqlServer.ColumnOptions)">
            <summary>
            Generate an array of DataColumns using the supplied MSSqlServerConfigurationSection,
                which is an array of keypairs defining the SQL column name and SQL data type
            Entries are appended to a list of DataColumns in column options
            </summary>
            <param name="serviceConfigSection">A previously loaded configuration section</param>
            <param name="columnOptions">column options with existing array of columns to append our config columns to</param>
        </member>
        <member name="T:Serilog.Sinks.MSSqlServer.ColumnOptions">
            <summary>
                Options that pertain to columns
            </summary>
        </member>
        <member name="M:Serilog.Sinks.MSSqlServer.ColumnOptions.#ctor">
            <summary>
                Default constructor.
            </summary>
        </member>
        <member name="P:Serilog.Sinks.MSSqlServer.ColumnOptions.Store">
            <summary>
                A list of columns that will be stored in the logs table in the database.
            </summary>
        </member>
        <member name="P:Serilog.Sinks.MSSqlServer.ColumnOptions.DisableTriggers">
            <summary>
            Indicates if triggers should be disabled when inserting log entries.
            </summary>
        </member>
        <member name="P:Serilog.Sinks.MSSqlServer.ColumnOptions.AdditionalDataColumns">
            <summary>
                Additional columns for data storage.
            </summary>
        </member>
        <member name="P:Serilog.Sinks.MSSqlServer.ColumnOptions.Id">
            <summary>
                Options for the Id column.
            </summary>
        </member>
        <member name="P:Serilog.Sinks.MSSqlServer.ColumnOptions.Level">
            <summary>
                Options for the Level column.
            </summary>
        </member>
        <member name="P:Serilog.Sinks.MSSqlServer.ColumnOptions.Properties">
            <summary>
                Options for the Properties column.
            </summary>
        </member>
        <member name="P:Serilog.Sinks.MSSqlServer.ColumnOptions.Exception">
            <summary>
            Options for the Exception column.
            </summary>
        </member>
        <member name="P:Serilog.Sinks.MSSqlServer.ColumnOptions.MessageTemplate">
            <summary>
            Options for the MessageTemplate column.
            </summary>
        </member>
        <member name="P:Serilog.Sinks.MSSqlServer.ColumnOptions.Message">
            <summary>
            Options for the Message column.
            </summary>
        </member>
        <member name="P:Serilog.Sinks.MSSqlServer.ColumnOptions.TimeStamp">
            <summary>
                Options for the TimeStamp column.
            </summary>
        </member>
        <member name="P:Serilog.Sinks.MSSqlServer.ColumnOptions.LogEvent">
            <summary>
                Options for the LogEvent column.
            </summary>
        </member>
        <member name="T:Serilog.Sinks.MSSqlServer.ColumnOptions.IdColumnOptions">
            <summary>
                Options for the Id column.
            </summary>
        </member>
        <member name="T:Serilog.Sinks.MSSqlServer.ColumnOptions.LevelColumnOptions">
            <summary>
                Options for the Level column.
            </summary>
        </member>
        <member name="P:Serilog.Sinks.MSSqlServer.ColumnOptions.LevelColumnOptions.StoreAsEnum">
            <summary>
                If true will store Level as an enum in a tinyint column as opposed to a string.
            </summary>
        </member>
        <member name="T:Serilog.Sinks.MSSqlServer.ColumnOptions.PropertiesColumnOptions">
            <summary>
                Options for the Properties column.
            </summary>
        </member>
        <member name="M:Serilog.Sinks.MSSqlServer.ColumnOptions.PropertiesColumnOptions.#ctor">
            <summary>
                Default constructor.
            </summary>
        </member>
        <member name="P:Serilog.Sinks.MSSqlServer.ColumnOptions.PropertiesColumnOptions.ExcludeAdditionalProperties">
            <summary>
                Exclude properties from the Properties column if they are being saved to additional columns.
            </summary>
        </member>
        <member name="P:Serilog.Sinks.MSSqlServer.ColumnOptions.PropertiesColumnOptions.DictionaryElementName">
            <summary>
                The name to use for a dictionary element.
            </summary>
        </member>
        <member name="P:Serilog.Sinks.MSSqlServer.ColumnOptions.PropertiesColumnOptions.ItemElementName">
            <summary>
                The name to use for an item element.
            </summary>
        </member>
        <member name="P:Serilog.Sinks.MSSqlServer.ColumnOptions.PropertiesColumnOptions.OmitDictionaryContainerElement">
            <summary>
                If true will omit the "dictionary" container element, and will only include child elements.
            </summary>
        </member>
        <member name="P:Serilog.Sinks.MSSqlServer.ColumnOptions.PropertiesColumnOptions.OmitSequenceContainerElement">
            <summary>
                If true will omit the "sequence" container element, and will only include child elements.
            </summary>
        </member>
        <member name="P:Serilog.Sinks.MSSqlServer.ColumnOptions.PropertiesColumnOptions.OmitStructureContainerElement">
            <summary>
                If true will omit the "structure" container element, and will only include child elements.
            </summary>
        </member>
        <member name="P:Serilog.Sinks.MSSqlServer.ColumnOptions.PropertiesColumnOptions.OmitElementIfEmpty">
            <summary>
                If true and the property value is empty, then don't include the element.
            </summary>
        </member>
        <member name="P:Serilog.Sinks.MSSqlServer.ColumnOptions.PropertiesColumnOptions.PropertyElementName">
            <summary>
                The name to use for a property element.
            </summary>
        </member>
        <member name="P:Serilog.Sinks.MSSqlServer.ColumnOptions.PropertiesColumnOptions.RootElementName">
            <summary>
                The name to use for the root element.
            </summary>
        </member>
        <member name="P:Serilog.Sinks.MSSqlServer.ColumnOptions.PropertiesColumnOptions.SequenceElementName">
            <summary>
                The name to use for a sequence element.
            </summary>
        </member>
        <member name="P:Serilog.Sinks.MSSqlServer.ColumnOptions.PropertiesColumnOptions.StructureElementName">
            <summary>
                The name to use for a structure element.
            </summary>
        </member>
        <member name="P:Serilog.Sinks.MSSqlServer.ColumnOptions.PropertiesColumnOptions.UsePropertyKeyAsElementName">
            <summary>
                If true, will use the property key as the element name.
            </summary>
        </member>
        <member name="P:Serilog.Sinks.MSSqlServer.ColumnOptions.PropertiesColumnOptions.PropertiesFilter">
            <summary>
                If set, will only store properties allowed by the filter.
            </summary>
        </member>
        <member name="T:Serilog.Sinks.MSSqlServer.ColumnOptions.CommonColumnOptions">
            <summary>
            Shared column customization options.
            </summary>
        </member>
        <member name="P:Serilog.Sinks.MSSqlServer.ColumnOptions.CommonColumnOptions.ColumnName">
            <summary>
            The name of the column in the database.
            </summary>
        </member>
        <member name="T:Serilog.Sinks.MSSqlServer.ColumnOptions.TimeStampColumnOptions">
            <summary>
                Options for the TimeStamp column.
            </summary>
        </member>
        <member name="P:Serilog.Sinks.MSSqlServer.ColumnOptions.TimeStampColumnOptions.ConvertToUtc">
            <summary>
                If true, the time is converted to universal time.
            </summary>
        </member>
        <member name="T:Serilog.Sinks.MSSqlServer.ColumnOptions.LogEventColumnOptions">
            <summary>
                Options for the LogEvent column.
            </summary>
        </member>
        <member name="P:Serilog.Sinks.MSSqlServer.ColumnOptions.LogEventColumnOptions.ExcludeAdditionalProperties">
            <summary>
                Exclude properties from the LogEvent column if they are being saved to additional columns.
            </summary>
        </member>
        <member name="T:Serilog.Sinks.MSSqlServer.ColumnOptions.MessageColumnOptions">
            <summary>
            Options for the message column
            </summary>
        </member>
        <member name="T:Serilog.Sinks.MSSqlServer.ColumnOptions.ExceptionColumnOptions">
            <summary>
            Options for the Exception column.
            </summary>
        </member>
        <member name="T:Serilog.Sinks.MSSqlServer.ColumnOptions.MessageTemplateColumnOptions">
            <summary>
            Options for the MessageTemplate column.
            </summary>
        </member>
        <member name="T:Serilog.Sinks.MSSqlServer.MSSqlServerAuditSink">
            <summary>
             Writes log events as rows in a table of MSSqlServer database using Audit logic, meaning that each row is synchronously committed
             and any errors that occur are propagated to the caller.
            </summary>
        </member>
        <member name="M:Serilog.Sinks.MSSqlServer.MSSqlServerAuditSink.#ctor(System.String,System.String,System.IFormatProvider,System.Boolean,Serilog.Sinks.MSSqlServer.ColumnOptions,System.String)">
            <summary>
                Construct a sink posting to the specified database.
            </summary>
            <param name="connectionString">Connection string to access the database.</param>
            <param name="tableName">Name of the table to store the data in.</param>
            <param name="schemaName">Name of the schema for the table to store the data in. The default is 'dbo'.</param>
            <param name="formatProvider">Supplies culture-specific formatting information, or null.</param>
            <param name="autoCreateSqlTable">Create log table with the provided name on destination sql server.</param>
            <param name="columnOptions">Options that pertain to columns</param>
        </member>
        <member name="M:Serilog.Sinks.MSSqlServer.MSSqlServerAuditSink.Emit(Serilog.Events.LogEvent)">
            <summary>Emit the provided log event to the sink.</summary>
            <param name="logEvent">The log event to write.</param>
        </member>
        <member name="M:Serilog.Sinks.MSSqlServer.MSSqlServerAuditSink.Dispose(System.Boolean)">
            <summary>
            Releases the unmanaged resources used by the Serilog.Sinks.MSSqlServer.MSSqlServerAuditSink and optionally
            releases the managed resources.
            </summary>
            <param name="disposing">True to release both managed and unmanaged resources; false to release only unmanaged
                                    resources.</param>
        </member>
        <member name="M:Serilog.Sinks.MSSqlServer.MSSqlServerAuditSink.Dispose">
            <summary>
            Performs application-defined tasks associated with freeing, releasing, or resetting unmanaged resources.
            </summary>
        </member>
        <member name="T:Serilog.Sinks.MSSqlServer.MSSqlServerSink">
            <summary>
                Writes log events as rows in a table of MSSqlServer database.
            </summary>
        </member>
        <member name="F:Serilog.Sinks.MSSqlServer.MSSqlServerSink.DefaultBatchPostingLimit">
            <summary>
                A reasonable default for the number of events posted in
                each batch.
            </summary>
        </member>
        <member name="F:Serilog.Sinks.MSSqlServer.MSSqlServerSink.DefaultPeriod">
            <summary>
                A reasonable default time to wait between checking for event batches.
            </summary>
        </member>
        <member name="M:Serilog.Sinks.MSSqlServer.MSSqlServerSink.#ctor(System.String,System.String,System.Int32,System.TimeSpan,System.IFormatProvider,System.Boolean,Serilog.Sinks.MSSqlServer.ColumnOptions,System.String)">
            <summary>
                Construct a sink posting to the specified database.
            </summary>
            <param name="connectionString">Connection string to access the database.</param>
            <param name="tableName">Name of the table to store the data in.</param>
            <param name="schemaName">Name of the schema for the table to store the data in. The default is 'dbo'.</param>
            <param name="batchPostingLimit">The maximum number of events to post in a single batch.</param>
            <param name="period">The time to wait between checking for event batches.</param>
            <param name="formatProvider">Supplies culture-specific formatting information, or null.</param>
            <param name="autoCreateSqlTable">Create log table with the provided name on destination sql server.</param>
            <param name="columnOptions">Options that pertain to columns</param>
        </member>
        <member name="M:Serilog.Sinks.MSSqlServer.MSSqlServerSink.EmitBatchAsync(System.Collections.Generic.IEnumerable{Serilog.Events.LogEvent})">
            <summary>
                Emit a batch of log events, running asynchronously.
            </summary>
            <param name="events">The events to emit.</param>
            <remarks>
                Override either <see cref="M:Serilog.Sinks.PeriodicBatching.PeriodicBatchingSink.EmitBatch(System.Collections.Generic.IEnumerable{Serilog.Events.LogEvent})" /> or <see cref="M:Serilog.Sinks.PeriodicBatching.PeriodicBatchingSink.EmitBatchAsync(System.Collections.Generic.IEnumerable{Serilog.Events.LogEvent})" />
                ,
                not both.
            </remarks>
        </member>
        <member name="M:Serilog.Sinks.MSSqlServer.MSSqlServerSink.Dispose(System.Boolean)">
            <summary>
                Disposes the connection
            </summary>
            <param name="disposing"></param>
        </member>
        <member name="T:Serilog.Sinks.MSSqlServer.MSSqlServerSinkTraits">
            <summary>Contains common functionality and properties used by both MSSqlServerSinks.</summary>
        </member>
        <member name="M:Serilog.Sinks.MSSqlServer.MSSqlServerSinkTraits.GetColumnsAndValues(Serilog.Events.LogEvent)">
            <summary>Gets a list of the column names paired with their values to emit for the specified <paramref name="logEvent"/>.</summary>
            <param name="logEvent">The log event to emit.</param>
            <returns>
            A list of mappings between column names and values to emit to the database for the specified <paramref name="logEvent"/>.
            </returns>
        </member>
        <member name="M:Serilog.Sinks.MSSqlServer.MSSqlServerSinkTraits.ConvertPropertiesToColumn(System.Collections.Generic.IReadOnlyDictionary{System.String,Serilog.Events.LogEventPropertyValue})">
            <summary>
                Mapping values from properties which have a corresponding data row.
                Matching is done based on Column name and property key
            </summary>        
            <param name="properties"></param>
        </member>
        <member name="M:Serilog.Sinks.MSSqlServer.MSSqlServerSinkTraits.TryChangeType(System.Object,System.Type,System.Object@)">
            <summary>
                Try to convert the object to the given type
            </summary>
            <param name="obj">object</param>
            <param name="type">type to convert to</param>
            <param name="conversion">result of the converted value</param>        
        </member>
        <member name="T:Serilog.Sinks.MSSqlServer.StandardColumn">
            <summary>
                List of columns that are available to be written to the database, excluding Id and additional columns.
            </summary>
        </member>
        <member name="F:Serilog.Sinks.MSSqlServer.StandardColumn.Message">
            <summary>
            The message rendered with the template given the properties associated with the event.
            </summary>
        </member>
        <member name="F:Serilog.Sinks.MSSqlServer.StandardColumn.MessageTemplate">
            <summary>
            The message template describing the event.
            </summary>
        </member>
        <member name="F:Serilog.Sinks.MSSqlServer.StandardColumn.Level">
            <summary>
            The level of the event.
            </summary>
        </member>
        <member name="F:Serilog.Sinks.MSSqlServer.StandardColumn.TimeStamp">
            <summary>
            The time at which the event occurred.
            </summary>
        </member>
        <member name="F:Serilog.Sinks.MSSqlServer.StandardColumn.Exception">
            <summary>
            An exception associated with the event, or null.
            </summary>
        </member>
        <member name="F:Serilog.Sinks.MSSqlServer.StandardColumn.Properties">
            <summary>
            Properties associated with the event, including those presented in <see cref="F:Serilog.Sinks.MSSqlServer.StandardColumn.MessageTemplate"/>.
            </summary>
        </member>
        <member name="F:Serilog.Sinks.MSSqlServer.StandardColumn.LogEvent">
            <summary>
            A log event.
            </summary>
        </member>
        <member name="T:Serilog.Sinks.MSSqlServer.XmlPropertyFormatter">
            <summary>
                Converts <see cref="T:Serilog.Events.LogEventProperty" /> values into simple scalars,
                dictionaries and lists so that they can be persisted in MSSqlServer.
            </summary>
        </member>
        <member name="F:Serilog.Sinks.MSSqlServer.XmlPropertyFormatter._invalidXMLChars">
            <summary>
            Regex to trasnform any non-xml char into ?, acoiding any exceptions on inserting the xml properties into the database
            </summary>
        </member>
        <member name="M:Serilog.Sinks.MSSqlServer.XmlPropertyFormatter.Simplify(Serilog.Events.LogEventPropertyValue,Serilog.Sinks.MSSqlServer.ColumnOptions.PropertiesColumnOptions)">
            <summary>
                Simplify the object so as to make handling the serialized
                representation easier.
            </summary>
            <param name="value">The value to simplify (possibly null).</param>
            <param name="options">Options to use during formatting</param>
            <returns>A simplified representation.</returns>
        </member>
    </members>
</doc>
